epoch,train_loss,train_accuracy,val_loss,val_accuracy,seconds
1,0.12316970160138137,0.9575478773938697,0.05416387594640255,0.9822,407.7653492000027
2,0.04638747338268583,0.984699234961748,0.04331246105730534,0.984,222.10091159999865
3,0.03818911081671274,0.9871993599679983,0.038002736220508815,0.9864,223.56497220000165
4,0.03568509012450277,0.9869993499674984,0.0364174559392035,0.9868,224.04399950000516
5,0.03421769431231096,0.9874993749687484,0.03791465882174671,0.9856,221.39448439999978
6,0.03348620259239107,0.9871493574678734,0.03710769848488271,0.9862,202.04232529999717
7,0.030768404421230536,0.9886494324716236,0.03479645565375686,0.9874,200.8390889000002
8,0.03171534090935005,0.9884494224711236,0.03371422332301736,0.988,222.33754320000298
9,0.029372517250489817,0.9898494924746237,0.03339911072673276,0.9878,218.87035979999928
10,0.0298533141404962,0.9889494474723736,0.03715938724670559,0.9866,217.76074959999823
