path,label,prediction
val\cat\cat.10193.jpg,0,1
val\cat\cat.10620.jpg,0,1
val\cat\cat.1091.jpg,0,1
val\cat\cat.10912.jpg,0,1
val\cat\cat.11149.jpg,0,1
val\cat\cat.11457.jpg,0,1
val\cat\cat.11565.jpg,0,1
val\cat\cat.11656.jpg,0,1
val\cat\cat.11819.jpg,0,1
val\cat\cat.12131.jpg,0,1
val\cat\cat.1344.jpg,0,1
val\cat\cat.1616.jpg,0,1
val\cat\cat.2906.jpg,0,1
val\cat\cat.2929.jpg,0,1
val\cat\cat.3130.jpg,0,1
val\cat\cat.3148.jpg,0,1
val\cat\cat.3672.jpg,0,1
val\cat\cat.3697.jpg,0,1
val\cat\cat.3789.jpg,0,1
val\cat\cat.3881.jpg,0,1
val\cat\cat.4390.jpg,0,1
val\cat\cat.4833.jpg,0,1
val\cat\cat.5445.jpg,0,1
val\cat\cat.5472.jpg,0,1
val\cat\cat.5712.jpg,0,1
val\cat\cat.5724.jpg,0,1
val\cat\cat.5795.jpg,0,1
val\cat\cat.6171.jpg,0,1
val\cat\cat.6386.jpg,0,1
val\cat\cat.6615.jpg,0,1
val\cat\cat.738.jpg,0,1
val\cat\cat.7661.jpg,0,1
val\cat\cat.7785.jpg,0,1
val\cat\cat.8289.jpg,0,1
val\cat\cat.8350.jpg,0,1
val\cat\cat.8600.jpg,0,1
val\cat\cat.8647.jpg,0,1
val\cat\cat.9110.jpg,0,1
val\cat\cat.9410.jpg,0,1
val\dog\dog.10225.jpg,1,0
val\dog\dog.11184.jpg,1,0
val\dog\dog.11431.jpg,1,0
val\dog\dog.11836.jpg,1,0
val\dog\dog.11958.jpg,1,0
val\dog\dog.1522.jpg,1,0
val\dog\dog.1556.jpg,1,0
val\dog\dog.1592.jpg,1,0
val\dog\dog.1838.jpg,1,0
val\dog\dog.1920.jpg,1,0
val\dog\dog.2067.jpg,1,0
val\dog\dog.2362.jpg,1,0
val\dog\dog.2727.jpg,1,0
val\dog\dog.2819.jpg,1,0
val\dog\dog.3725.jpg,1,0
val\dog\dog.4665.jpg,1,0
val\dog\dog.4690.jpg,1,0
val\dog\dog.5132.jpg,1,0
val\dog\dog.6632.jpg,1,0
val\dog\dog.7160.jpg,1,0
val\dog\dog.7595.jpg,1,0
val\dog\dog.8116.jpg,1,0
val\dog\dog.8159.jpg,1,0
val\dog\dog.8267.jpg,1,0
val\dog\dog.8474.jpg,1,0
val\dog\dog.9016.jpg,1,0
val\dog\dog.9713.jpg,1,0
val\dog\dog.990.jpg,1,0
